customer_id,customer_name,email,city,state,signup_date,acquisition_channel
1,Ayaan Sharma,ayaan.sharma229@gmail.com,Jaipur,Rajasthan,2024-09-07,Google Ads
2,Rajesh Gupta,rajesh.gupta33@gmail.com,,Assam,2025-03-08,Google Ads
3,Simran Bansal,simran.bansal204@rediffmail.com,Mumbai,Maharashtra,2025-07-28,Organic Search
4,Kiara Kulkarni,kiara.kulkarni829@yahoo.com,Guwahati,Assam,2024-10-11,Organic Search
5,Karan Rao,karan.rao981@yahoo.com,Chennai,Tamil Nadu,2024-08-08,Google Ads
6,Reyansh Joshi,reyansh.joshi271@rediffmail.com,Indore,Madhya Pradesh,2025-09-10,Organic Search
7,Ayaan Chauhan,ayaan.chauhan301@rediffmail.com,Bengaluru,Karnataka,2025-07-19,Email/SMS
8,Priya Agarwal,priya.agarwal47@outlook.com,Pune,Maharashtra,2024-03-12,Influencer
9,Kiara Patel,kiara.patel465@outlook.com,Chandigarh,Chandigarh,2024-10-11,Google Ads
10,Neha Nair,neha.nair664@gmail.com,Jaipur,Rajasthan,2025-11-30,Organic Search
11,Rajesh Singh,rajesh.singh389@gmail.com,KOLKATA,West Bengal,2025-04-18,Influencer
12,Suresh Singh,suresh.singh235@outlook.com,Surat,Gujarat,2024-02-27,Meta Ads
13,Arjun Nair,arjun.nair218@outlook.com,Guwahati,Assam,2024-11-18,Email/SMS
14,Divya Reddy,divya.reddy253@rediffmail.com,Jaipur,Rajasthan,2024-05-22,Meta Ads
15,Kavya Malhotra,kavya.malhotra371@gmail.com,Guwahati,Assam,2025-02-12,Influencer
16,Simran Desai,simran.desai882@gmail.com,Bengaluru,Karnataka,2024-02-18,Organic Search
17,Sneha Bansal,sneha.bansal391@gmail.com,Bengaluru,Karnataka,2025-01-29,Organic Search
18,Anika Bose,anika.bose739@gmail.com,Mumbai,Maharashtra,2025-11-27,Email/SMS
19,Navya Kapoor,navya.kapoor446@gmail.com,Hyderabad,Telangana,2024-10-27,Google Ads
20,Anika Pillai,anika.pillai935@gmail.com,Kolkata,West Bengal,2025-06-03,Organic Search
21,Simran Bansal,simran.bansal383@rediffmail.com,Pune,Maharashtra,2024-06-05,Influencer
22,Tanya Sharma,tanya.sharma501@gmail.com,Visakhapatnam,Andhra Pradesh,2024-11-27,Influencer
23,Ira Singh,ira.singh900@gmail.com,Delhi,Delhi,2024-09-03,Google Ads
24,Nikhil Gupta,nikhil.gupta132@rediffmail.com,Coimbatore,Tamil Nadu,2024-05-08,Google Ads
25,Tanya Bansal,tanya.bansal952@gmail.com,Kochi,Kerala,2024-08-04,Referral
26,Saanvi Mehta,saanvi.mehta666@gmail.com,Chandigarh,Chandigarh,2025-11-18,Email/SMS
27,Vikram Patel,vikram.patel66@gmail.com,Ahmedabad,Gujarat,2024-08-18,Organic Search
28,Kiara Agarwal,kiara.agarwal73@yahoo.com,Ahmedabad,Gujarat,2024-01-08,Meta Ads
29,Aditya Kapoor,aditya.kapoor244@gmail.com,Bengaluru,Karnataka,2025-06-10,Organic Search
30,Rajesh Reddy,rajesh.reddy485@gmail.com,Guwahati,Assam,2025-08-13,Organic Search
31,Rahul Nair,rahul.nair675@gmail.com,Hyderabad,Telangana,2024-04-09,Organic Search
32,Divya Verma,divya.verma413@yahoo.com,HYDERABAD,Telangana,2024-03-03,Meta Ads
33,Saanvi Bose,saanvi.bose433@gmail.com,Nagpur,Maharashtra,2024-05-23,Organic Search
34,Arjun Kulkarni,arjun.kulkarni52@rediffmail.com,Coimbatore,Tamil Nadu,2024-04-10,Email/SMS
35,Sai Singh,sai.singh498@gmail.com,Kolkata,West Bengal,2025-02-20,Email/SMS
36,Vihaan Iyer,vihaan.iyer400@gmail.com,Chandigarh,Chandigarh,2024-01-03,Referral
37,Divya Mehta,divya.mehta678@yahoo.com,Kochi,Kerala,2025-07-23,Google Ads
38,Aadhya Verma,aadhya.verma63@yahoo.com,GUWAHATI,Assam,2025-07-09,Google Ads
39,Aman Pillai,aman.pillai59@yahoo.com,Patna,Bihar,2024-06-10,Email/SMS
40,Arjun Bansal,arjun.bansal883@gmail.com,Bengaluru,Karnataka,2025-11-22,Google Ads
41,Meera Singh,meera.singh41@outlook.com,Guwahati,Assam,2025-08-31,Organic Search
42,Meera Pillai,meera.pillai210@outlook.com,Surat,Gujarat,2024-09-24,Meta Ads
43,Amit Reddy,amit.reddy324@yahoo.com,Lucknow,Uttar Pradesh,2025-04-13,Google Ads
44,Om Agarwal,om.agarwal551@gmail.com,Hyderabad,Telangana,2024-03-16,Meta Ads
45,Neha Gupta,neha.gupta292@gmail.com,Ahmedabad,Gujarat,2025-01-13,Email/SMS
46,Ira Bansal,ira.bansal684@outlook.com,PATNA,Bihar,2024-01-09,Influencer
47,Reyansh Reddy,reyansh.reddy912@gmail.com,Jaipur,Rajasthan,2024-04-28,Organic Search
48,Navya Mehta,navya.mehta735@gmail.com,Visakhapatnam,Andhra Pradesh,2024-08-03,Organic Search
49,Anika Pillai,anika.pillai928@yahoo.com,Bhopal,Madhya Pradesh,2024-09-14,Google Ads
50,Sneha Rao,sneha.rao342@rediffmail.com,Delhi,Delhi,2024-01-04,Influencer
51,Ananya Kulkarni,ananya.kulkarni575@gmail.com,Coimbatore,Tamil Nadu,2025-03-13,Google Ads
52,Ishaan Bose,ishaan.bose597@gmail.com,Delhi,Delhi,2025-01-13,Organic Search
53,Aditya Mehta,aditya.mehta921@gmail.com,Indore,Madhya Pradesh,2024-02-10,Organic Search
54,Reyansh Joshi,reyansh.joshi998@yahoo.com,COIMBATORE,Tamil Nadu,2025-02-20,Influencer
55,Myra Iyer,myra.iyer26@gmail.com,Kolkata,West Bengal,2025-02-26,Influencer
56,Rahul Singh,rahul.singh807@outlook.com,,Rajasthan,2024-06-12,Email/SMS
57,Aman Singh,aman.singh359@gmail.com,Pune,Maharashtra,2025-04-16,Referral
58,Kiara Singh,kiara.singh198@gmail.com,Mumbai,Maharashtra,2025-11-06,Meta Ads
59,Arjun Rao,arjun.rao522@gmail.com,INDORE,Madhya Pradesh,2025-10-18,Influencer
60,Rajesh Kapoor,rajesh.kapoor899@yahoo.com,Mumbai,Maharashtra,2024-04-28,Organic Search
61,Anika Verma,anika.verma445@gmail.com,Hyderabad,Telangana,2025-09-02,Referral
62,Sneha Bansal,sneha.bansal395@yahoo.com,Patna,Bihar,2024-04-28,Meta Ads
63,Sneha Sharma,sneha.sharma704@rediffmail.com,Patna,Bihar,2025-07-05,Referral
64,Saanvi Joshi,saanvi.joshi972@outlook.com,Kochi,Kerala,2024-03-12,Organic Search
65,Ayaan Mehta,ayaan.mehta683@gmail.com,Patna,Bihar,2024-11-12,Meta Ads
66,Riya Bose,riya.bose431@outlook.com,Chennai,Tamil Nadu,2024-07-15,Organic Search
67,Diya Bansal,diya.bansal416@gmail.com,Guwahati,Assam,2024-11-04,Google Ads
68,Riya Nair,riya.nair622@outlook.com,Kochi,Kerala,2025-08-16,Organic Search
69,Aadhya Pillai,aadhya.pillai675@gmail.com,Bhopal,Madhya Pradesh,2024-06-22,Organic Search
70,Om Kapoor,om.kapoor689@gmail.com,Bengaluru,Karnataka,2024-08-28,Referral
71,Ishaan Sharma,ishaan.sharma487@yahoo.com,Delhi,Delhi,2024-09-07,Organic Search
72,Meera Nair,meera.nair410@gmail.com,Chandigarh,Chandigarh,2025-05-21,Organic Search
73,Aarav Patel,aarav.patel181@rediffmail.com,Kochi,Kerala,2024-08-12,Organic Search
74,Vihaan Bose,vihaan.bose468@gmail.com,Ahmedabad,Gujarat,2024-05-04,Organic Search
75,Tanya Bose,tanya.bose973@outlook.com,Visakhapatnam,Andhra Pradesh,2024-11-20,Organic Search
76,Simran Malhotra,simran.malhotra919@gmail.com,Coimbatore,Tamil Nadu,2025-04-01,Email/SMS
77,Vikram Rao,vikram.rao284@rediffmail.com,Ahmedabad,Gujarat,2025-10-14,Organic Search
78,Myra Rao,myra.rao731@gmail.com,Nagpur,Maharashtra,2024-03-20,Meta Ads
79,Rohan Bose,rohan.bose155@gmail.com,Bengaluru,Karnataka,2024-05-21,Organic Search
80,Aadhya Gupta,aadhya.gupta339@gmail.com,Kochi,Kerala,2025-02-21,Meta Ads
81,Aadhya Malhotra,aadhya.malhotra969@rediffmail.com,,Chandigarh,2025-08-21,Meta Ads
82,Aarav Joshi,aarav.joshi874@outlook.com,Lucknow,Uttar Pradesh,2025-02-03,Organic Search
83,Rajesh Bansal,rajesh.bansal225@gmail.com,Ahmedabad,Gujarat,2025-05-14,Organic Search
84,Pooja Kapoor,pooja.kapoor861@gmail.com,Chandigarh,Chandigarh,2024-06-18,Google Ads
85,Om Bose,om.bose607@gmail.com,,Maharashtra,2025-02-07,Google Ads
86,Sneha Reddy,sneha.reddy52@gmail.com,Nagpur,Maharashtra,2024-07-05,Meta Ads
87,Divya Kapoor,divya.kapoor285@outlook.com,Surat,Gujarat,2025-01-23,Meta Ads
88,Sai Desai,sai.desai54@outlook.com,Mumbai,Maharashtra,2025-07-06,Meta Ads
89,Arjun Verma,arjun.verma205@rediffmail.com,Mumbai,Maharashtra,2024-09-10,Google Ads
90,Krishna Desai,krishna.desai971@gmail.com,Hyderabad,Telangana,2025-07-31,Organic Search
91,Priya Iyer,priya.iyer987@yahoo.com,Visakhapatnam,Andhra Pradesh,2025-09-13,Referral
92,Ananya Mehta,ananya.mehta27@rediffmail.com,Hyderabad,Telangana,2025-08-15,Organic Search
93,Pooja Chauhan,pooja.chauhan607@rediffmail.com,Pune,Maharashtra,2024-03-18,Meta Ads
94,Ira Bansal,ira.bansal802@gmail.com,Hyderabad,Telangana,2025-08-02,Organic Search
95,Priya Gupta,priya.gupta350@gmail.com,Patna,Bihar,2025-10-25,Organic Search
96,Nikhil Patel,nikhil.patel651@outlook.com,Kochi,Kerala,2025-01-05,Referral
97,Sneha Iyer,sneha.iyer277@rediffmail.com,Patna,Bihar,2025-10-28,Referral
98,Divya Malhotra,divya.malhotra331@yahoo.com,GUWAHATI,Assam,2024-10-01,Meta Ads
99,Vikram Singh,vikram.singh625@outlook.com,Nagpur,Maharashtra,2025-08-06,Google Ads
100,Rohan Iyer,rohan.iyer364@outlook.com,Bhopal,Madhya Pradesh,2024-08-05,Meta Ads
101,Yash Rao,yash.rao530@yahoo.com,Coimbatore,Tamil Nadu,2024-01-11,Meta Ads
102,Rahul Desai,rahul.desai708@gmail.com,Coimbatore,Tamil Nadu,2024-09-03,Referral
103,Vikram Sharma,vikram.sharma227@gmail.com,Bengaluru,Karnataka,2024-10-28,Meta Ads
104,Kavya Joshi,kavya.joshi544@gmail.com,Bhopal,Madhya Pradesh,2025-07-20,Influencer
105,Suresh Kapoor,suresh.kapoor278@gmail.com,Indore,Madhya Pradesh,2025-04-09,Meta Ads
106,Saanvi Kapoor,saanvi.kapoor974@yahoo.com,Hyderabad,Telangana,2025-07-02,Google Ads
107,Aman Rao,aman.rao612@gmail.com,Guwahati,Assam,2025-06-21,Google Ads
108,Saanvi Mehta,saanvi.mehta184@gmail.com,AHMEDABAD,Gujarat,2025-01-04,Referral
109,Krishna Rao,krishna.rao567@gmail.com,,Delhi,2024-02-25,Influencer
110,Nikhil Patel,nikhil.patel292@gmail.com,,Maharashtra,2025-08-10,Organic Search
111,Diya Verma,diya.verma117@outlook.com,Jaipur,Rajasthan,2025-05-04,Organic Search
112,Meera Verma,meera.verma831@gmail.com,CHENNAI,Tamil Nadu,2024-06-01,Meta Ads
113,Myra Patel,myra.patel621@gmail.com,Coimbatore,Tamil Nadu,2025-03-02,Organic Search
114,Tanya Chauhan,tanya.chauhan305@outlook.com,Nagpur,Maharashtra,2025-03-29,Meta Ads
115,Om Verma,om.verma971@rediffmail.com,Visakhapatnam,Andhra Pradesh,2024-04-11,Google Ads
116,Sai Iyer,sai.iyer566@gmail.com,Ahmedabad,Gujarat,2024-06-26,Google Ads
117,Vikram Bansal,vikram.bansal34@gmail.com,Bhopal,Madhya Pradesh,2024-10-25,Referral
118,Divya Gupta,divya.gupta807@rediffmail.com,Ahmedabad,Gujarat,2024-09-27,Organic Search
119,Saanvi Malhotra,saanvi.malhotra231@outlook.com,Hyderabad,Telangana,2025-07-11,Email/SMS
120,Arjun Verma,arjun.verma610@rediffmail.com,Kolkata,West Bengal,2024-11-10,Influencer
121,Vikram Patel,vikram.patel717@gmail.com,Nagpur,Maharashtra,2024-11-07,Meta Ads
122,Rajesh Desai,rajesh.desai613@gmail.com,Nagpur,Maharashtra,2024-03-23,Organic Search
123,Rohan Bansal,rohan.bansal94@gmail.com,Jaipur,Rajasthan,2024-01-27,Organic Search
124,Meera Agarwal,meera.agarwal842@gmail.com,MUMBAI,Maharashtra,2025-11-19,Google Ads
125,Diya Desai,diya.desai453@yahoo.com,Patna,Bihar,2025-10-29,Influencer
126,Sneha Desai,sneha.desai357@gmail.com,Bengaluru,Karnataka,2025-04-26,Meta Ads
127,Reyansh Iyer,reyansh.iyer711@gmail.com,Surat,Gujarat,2025-02-25,Organic Search
128,Amit Bose,amit.bose91@gmail.com,Delhi,Delhi,2025-04-10,Meta Ads
129,Amit Pillai,amit.pillai891@gmail.com,Mumbai,Maharashtra,2025-11-04,Meta Ads
130,Saanvi Pillai,saanvi.pillai775@gmail.com,Indore,Madhya Pradesh,2025-09-29,Organic Search
131,Vihaan Nair,vihaan.nair135@outlook.com,Jaipur,Rajasthan,2025-07-16,Email/SMS
132,Nikhil Patel,nikhil.patel624@rediffmail.com,MUMBAI,Maharashtra,2025-10-07,Google Ads
133,Suresh Sharma,suresh.sharma96@gmail.com,COIMBATORE,Tamil Nadu,2025-02-21,Email/SMS
134,Ayaan Kulkarni,ayaan.kulkarni853@gmail.com,Hyderabad,Telangana,2025-10-25,Influencer
135,Riya Pillai,riya.pillai855@gmail.com,Jaipur,Rajasthan,2025-03-01,Organic Search
136,Divya Bose,divya.bose196@rediffmail.com,Chennai,Tamil Nadu,2025-01-27,Referral
137,Krishna Gupta,krishna.gupta349@rediffmail.com,Jaipur,Rajasthan,2025-02-28,Meta Ads
138,Aarav Mehta,aarav.mehta594@outlook.com,Lucknow,Uttar Pradesh,2025-08-24,Email/SMS
139,Vikram Bose,vikram.bose341@gmail.com,Bhopal,Madhya Pradesh,2024-12-19,Organic Search
140,Divya Kapoor,divya.kapoor586@gmail.com,Pune,Maharashtra,2024-09-01,Email/SMS
141,Rahul Verma,rahul.verma723@outlook.com,Surat,Gujarat,2025-04-29,Meta Ads
142,Ishaan Desai,ishaan.desai515@outlook.com,,Delhi,2024-05-09,Email/SMS
143,Vikram Patel,vikram.patel16@outlook.com,PATNA,Bihar,2025-04-12,Email/SMS
144,Ishaan Gupta,ishaan.gupta347@outlook.com,Bhopal,Madhya Pradesh,2024-09-28,Organic Search
145,Karan Bose,karan.bose642@outlook.com,Chandigarh,Chandigarh,2024-11-20,Email/SMS
146,Aditya Bansal,aditya.bansal647@outlook.com,Bengaluru,Karnataka,2024-08-28,Influencer
147,Sai Malhotra,sai.malhotra721@outlook.com,,Telangana,2025-10-10,Google Ads
148,Ira Sharma,ira.sharma816@gmail.com,Delhi,Delhi,2024-11-28,Meta Ads
149,Sneha Reddy,sneha.reddy422@gmail.com,Ahmedabad,Gujarat,2025-06-27,Referral
150,Ananya Iyer,ananya.iyer892@gmail.com,Bengaluru,Karnataka,2025-09-16,Organic Search
151,Nikhil Agarwal,nikhil.agarwal473@outlook.com,Chennai,Tamil Nadu,2024-08-25,Meta Ads
152,Aarav Kulkarni,aarav.kulkarni560@gmail.com,Lucknow,Uttar Pradesh,2025-11-24,Organic Search
153,Neha Agarwal,neha.agarwal986@gmail.com,Lucknow,Uttar Pradesh,2025-10-16,Meta Ads
154,Ira Nair,ira.nair110@gmail.com,Chandigarh,Chandigarh,2025-05-09,Organic Search
155,Meera Mehta,meera.mehta850@outlook.com,Lucknow,Uttar Pradesh,2024-01-23,Google Ads
156,Vihaan Bansal,vihaan.bansal795@rediffmail.com,Bhopal,Madhya Pradesh,2024-10-20,Referral
157,Kiara Nair,kiara.nair695@rediffmail.com,Visakhapatnam,Andhra Pradesh,2024-09-13,Organic Search
158,Krishna Patel,krishna.patel808@gmail.com,Delhi,Delhi,2024-11-12,Organic Search
159,Krishna Gupta,krishna.gupta766@gmail.com,Lucknow,Uttar Pradesh,2024-11-30,Google Ads
160,Rajesh Joshi,rajesh.joshi936@gmail.com,Patna,Bihar,2025-05-28,Google Ads
161,Aman Mehta,aman.mehta480@yahoo.com,Surat,Gujarat,2024-04-27,Referral
162,Kiara Chauhan,kiara.chauhan93@yahoo.com,Coimbatore,Tamil Nadu,2025-01-09,Meta Ads
163,Ayaan Kulkarni,ayaan.kulkarni767@rediffmail.com,Indore,Madhya Pradesh,2025-11-19,Meta Ads
164,Priya Patel,priya.patel26@rediffmail.com,Ahmedabad,Gujarat,2025-04-27,Meta Ads
165,Om Singh,om.singh844@gmail.com,Bengaluru,Karnataka,2025-10-12,Referral
166,Rahul Patel,rahul.patel969@gmail.com,Chennai,Tamil Nadu,2024-02-16,Influencer
167,Ayaan Patel,ayaan.patel139@gmail.com,Ahmedabad,Gujarat,2025-07-04,Meta Ads
168,Rajesh Malhotra,rajesh.malhotra907@gmail.com,Guwahati,Assam,2024-06-07,Google Ads
169,Nikhil Bansal,nikhil.bansal34@yahoo.com,Kochi,Kerala,2024-10-13,Organic Search
170,Myra Joshi,myra.joshi558@rediffmail.com,Hyderabad,Telangana,2025-01-11,Meta Ads
171,Amit Rao,amit.rao972@outlook.com,PUNE,Maharashtra,2024-05-05,Google Ads
172,Aadhya Bansal,aadhya.bansal806@gmail.com,Mumbai,Maharashtra,2024-02-21,Influencer
173,Meera Nair,meera.nair213@gmail.com,Bengaluru,Karnataka,2025-07-21,Referral
174,Kiara Kapoor,kiara.kapoor3@gmail.com,Chennai,Tamil Nadu,2025-09-02,Influencer
175,Krishna Bose,krishna.bose113@yahoo.com,Jaipur,Rajasthan,2024-06-27,Google Ads
176,Neha Singh,neha.singh17@gmail.com,GUWAHATI,Assam,2024-11-27,Google Ads
177,Rahul Pillai,rahul.pillai488@gmail.com,Hyderabad,Telangana,2024-03-06,Meta Ads
178,Kavya Patel,kavya.patel227@yahoo.com,Nagpur,Maharashtra,2025-05-30,Referral
179,Tanya Mehta,tanya.mehta988@gmail.com,Nagpur,Maharashtra,2025-10-20,Influencer
180,Amit Malhotra,amit.malhotra730@yahoo.com,Hyderabad,Telangana,2025-05-17,Email/SMS
181,Rohan Bansal,rohan.bansal130@gmail.com,Chennai,Tamil Nadu,2024-03-08,Organic Search
182,Suresh Kapoor,suresh.kapoor544@gmail.com,Chandigarh,Chandigarh,2025-09-03,Organic Search
183,Sneha Patel,sneha.patel667@rediffmail.com,Hyderabad,Telangana,2025-11-01,Referral
184,Aadhya Malhotra,aadhya.malhotra424@gmail.com,Nagpur,Maharashtra,2024-08-21,Organic Search
185,Rahul Patel,rahul.patel321@outlook.com,Surat,Gujarat,2025-03-13,Influencer
186,Aman Gupta,aman.gupta96@gmail.com,BENGALURU,Karnataka,2024-03-28,Referral
187,Priya Reddy,priya.reddy601@rediffmail.com,Coimbatore,Tamil Nadu,2024-03-02,Meta Ads
188,Ayaan Malhotra,ayaan.malhotra964@rediffmail.com,Indore,Madhya Pradesh,2025-11-12,Google Ads
189,Riya Bansal,riya.bansal107@gmail.com,Lucknow,Uttar Pradesh,2024-12-26,Google Ads
190,Aman Singh,aman.singh866@gmail.com,Hyderabad,Telangana,2024-12-24,Google Ads
191,Navya Agarwal,navya.agarwal866@gmail.com,Ahmedabad,Gujarat,2025-03-15,Referral
192,Om Bansal,om.bansal624@rediffmail.com,Coimbatore,Tamil Nadu,2024-01-27,Meta Ads
193,Diya Rao,diya.rao360@gmail.com,Lucknow,Uttar Pradesh,2024-12-13,Email/SMS
194,Meera Chauhan,meera.chauhan759@yahoo.com,Bengaluru,Karnataka,2024-05-25,Google Ads
195,Tanya Nair,tanya.nair465@gmail.com,Chandigarh,Chandigarh,2025-03-05,Meta Ads
196,Rohan Agarwal,rohan.agarwal905@gmail.com,Visakhapatnam,Andhra Pradesh,2024-03-27,Google Ads
197,Om Verma,om.verma454@outlook.com,Bengaluru,Karnataka,2024-10-05,Organic Search
198,Rahul Rao,rahul.rao117@gmail.com,Pune,Maharashtra,2025-06-08,Google Ads
199,Kavya Desai,kavya.desai316@gmail.com,Patna,Bihar,2025-11-14,Meta Ads
200,Yash Verma,yash.verma309@yahoo.com,,Maharashtra,2024-07-28,Referral
201,Riya Kapoor,riya.kapoor510@yahoo.com,Hyderabad,Telangana,2024-01-08,Google Ads
202,Rajesh Singh,rajesh.singh854@outlook.com,Patna,Bihar,2025-07-26,Google Ads
203,Aditya Malhotra,aditya.malhotra944@gmail.com,Mumbai,Maharashtra,2025-04-15,Meta Ads
204,Sneha Agarwal,sneha.agarwal428@gmail.com,Chandigarh,Chandigarh,2025-10-17,Meta Ads
205,Rohan Iyer,rohan.iyer852@outlook.com,Visakhapatnam,Andhra Pradesh,2025-04-16,Google Ads
206,Reyansh Singh,reyansh.singh411@gmail.com,Kochi,Kerala,2025-08-26,Meta Ads
207,Ira Kapoor,ira.kapoor798@gmail.com,Ahmedabad,Gujarat,2024-12-07,Organic Search
208,Ayaan Pillai,ayaan.pillai928@outlook.com,Patna,Bihar,2024-07-17,Referral
209,Ishaan Singh,ishaan.singh263@gmail.com,Hyderabad,Telangana,2024-05-29,Organic Search
210,Arjun Iyer,arjun.iyer773@gmail.com,Bhopal,Madhya Pradesh,2025-04-20,Organic Search
211,Meera Bansal,meera.bansal324@gmail.com,Surat,Gujarat,2025-10-04,Google Ads
212,Vikram Mehta,vikram.mehta58@gmail.com,Jaipur,Rajasthan,2025-08-28,Google Ads
213,Divya Kulkarni,divya.kulkarni378@yahoo.com,,Delhi,2024-02-28,Organic Search
214,Sai Bansal,sai.bansal394@gmail.com,Visakhapatnam,Andhra Pradesh,2025-06-03,Organic Search
215,Aditya Kulkarni,aditya.kulkarni193@gmail.com,Guwahati,Assam,2025-10-29,Organic Search
216,Ishaan Verma,ishaan.verma831@outlook.com,Nagpur,Maharashtra,2024-04-15,Influencer
217,Sai Pillai,sai.pillai254@outlook.com,Kolkata,West Bengal,2024-02-10,Organic Search
218,Om Iyer,om.iyer940@gmail.com,Indore,Madhya Pradesh,2025-01-16,Meta Ads
219,Karan Bansal,karan.bansal663@gmail.com,Delhi,Delhi,2025-10-08,Meta Ads
220,Suresh Chauhan,suresh.chauhan742@rediffmail.com,Lucknow,Uttar Pradesh,2024-09-15,Email/SMS
221,Karan Gupta,karan.gupta145@outlook.com,Guwahati,Assam,2025-11-10,Influencer
222,Amit Reddy,amit.reddy318@gmail.com,Visakhapatnam,Andhra Pradesh,2024-03-27,Organic Search
223,Karan Reddy,karan.reddy662@rediffmail.com,Patna,Bihar,2024-04-05,Meta Ads
224,Priya Mehta,priya.mehta350@outlook.com,Kolkata,West Bengal,2024-08-07,Google Ads
225,Krishna Reddy,krishna.reddy865@rediffmail.com,Bengaluru,Karnataka,2024-10-29,Referral
226,Tanya Verma,tanya.verma135@gmail.com,,Gujarat,2025-09-24,Google Ads
227,Diya Bansal,diya.bansal45@gmail.com,Kolkata,West Bengal,2025-03-24,Organic Search
228,Myra Kulkarni,myra.kulkarni771@outlook.com,Visakhapatnam,Andhra Pradesh,2024-10-18,Meta Ads
229,Myra Mehta,myra.mehta377@rediffmail.com,Bhopal,Madhya Pradesh,2024-07-17,Influencer
230,Divya Mehta,divya.mehta541@gmail.com,Chandigarh,Chandigarh,2025-05-29,Google Ads
231,Saanvi Bansal,saanvi.bansal54@outlook.com,Chennai,Tamil Nadu,2024-09-13,Organic Search
232,Reyansh Pillai,reyansh.pillai86@outlook.com,Hyderabad,Telangana,2024-10-18,Organic Search
233,Simran Reddy,simran.reddy970@outlook.com,Kochi,Kerala,2024-04-03,Email/SMS
234,Vivaan Malhotra,vivaan.malhotra515@gmail.com,Delhi,Delhi,2025-02-09,Meta Ads
235,Sai Joshi,sai.joshi327@rediffmail.com,Ahmedabad,Gujarat,2024-01-29,Organic Search
236,Ishaan Reddy,ishaan.reddy940@rediffmail.com,DELHI,Delhi,2024-10-20,Email/SMS
237,Aman Kulkarni,aman.kulkarni928@gmail.com,Visakhapatnam,Andhra Pradesh,2024-01-06,Meta Ads
238,Ishaan Bose,ishaan.bose434@gmail.com,Visakhapatnam,Andhra Pradesh,2025-06-24,Meta Ads
239,Ira Patel,ira.patel430@rediffmail.com,Delhi,Delhi,2024-09-01,Organic Search
240,Ayaan Desai,ayaan.desai17@rediffmail.com,Visakhapatnam,Andhra Pradesh,2025-07-02,Meta Ads
241,Ishaan Mehta,ishaan.mehta630@gmail.com,Kochi,Kerala,2024-01-02,Organic Search
242,Diya Gupta,diya.gupta70@rediffmail.com,Patna,Bihar,2025-01-04,Organic Search
243,Simran Bose,simran.bose895@gmail.com,Mumbai,Maharashtra,2025-02-03,Organic Search
244,Priya Rao,priya.rao808@gmail.com,Mumbai,Maharashtra,2024-12-31,Meta Ads
245,Reyansh Agarwal,reyansh.agarwal46@gmail.com,Surat,Gujarat,2024-05-16,Meta Ads
246,Diya Kulkarni,diya.kulkarni187@yahoo.com,Bhopal,Madhya Pradesh,2025-10-08,Referral
247,Divya Verma,divya.verma45@yahoo.com,Lucknow,Uttar Pradesh,2024-07-25,Meta Ads
248,Ira Pillai,ira.pillai485@gmail.com,Chandigarh,Chandigarh,2025-07-10,Referral
249,Saanvi Mehta,saanvi.mehta887@outlook.com,Indore,Madhya Pradesh,2024-02-18,Google Ads
250,Priya Malhotra,priya.malhotra917@outlook.com,Chandigarh,Chandigarh,2025-03-26,Influencer
251,Nikhil Desai,nikhil.desai274@rediffmail.com,Indore,Madhya Pradesh,2025-06-15,Organic Search
252,Sneha Bansal,sneha.bansal301@gmail.com,Kolkata,West Bengal,2025-07-12,Google Ads
253,Riya Mehta,riya.mehta735@gmail.com,Nagpur,Maharashtra,2025-09-09,Organic Search
254,Neha Kulkarni,neha.kulkarni630@outlook.com,Delhi,Delhi,2024-12-27,Organic Search
255,Vihaan Gupta,vihaan.gupta526@rediffmail.com,Chandigarh,Chandigarh,2025-01-07,Google Ads
256,Vivaan Reddy,vivaan.reddy801@gmail.com,Visakhapatnam,Andhra Pradesh,2025-11-25,Google Ads
257,Myra Joshi,myra.joshi973@gmail.com,Indore,Madhya Pradesh,2025-01-27,Organic Search
258,Vikram Joshi,vikram.joshi782@gmail.com,Indore,Madhya Pradesh,2025-03-30,Google Ads
259,Priya Chauhan,priya.chauhan286@gmail.com,Surat,Gujarat,2025-10-27,Google Ads
260,Diya Desai,diya.desai936@gmail.com,Patna,Bihar,2025-01-31,Meta Ads
261,Anika Kulkarni,anika.kulkarni293@outlook.com,Pune,Maharashtra,2025-09-18,Google Ads
262,Krishna Gupta,krishna.gupta921@yahoo.com,Nagpur,Maharashtra,2024-06-25,Referral
263,Rohan Joshi,rohan.joshi556@gmail.com,Bengaluru,Karnataka,2025-07-17,Meta Ads
264,Ananya Iyer,ananya.iyer230@gmail.com,Indore,Madhya Pradesh,2025-06-04,Google Ads
265,Krishna Singh,krishna.singh370@gmail.com,Bhopal,Madhya Pradesh,2024-01-27,Meta Ads
266,Suresh Reddy,suresh.reddy68@gmail.com,,Andhra Pradesh,2024-03-29,Influencer
267,Aman Pillai,aman.pillai844@gmail.com,Kochi,Kerala,2025-02-23,Google Ads
268,Rohan Gupta,rohan.gupta697@gmail.com,Nagpur,Maharashtra,2025-04-22,Google Ads
269,Suresh Agarwal,suresh.agarwal444@gmail.com,Kolkata,West Bengal,2024-05-12,Email/SMS
270,Ayaan Pillai,ayaan.pillai169@gmail.com,Chennai,Tamil Nadu,2024-11-07,Influencer
271,Kiara Joshi,kiara.joshi867@gmail.com,Patna,Bihar,2024-10-17,Google Ads
272,Suresh Rao,suresh.rao311@yahoo.com,Chennai,Tamil Nadu,2025-10-02,Organic Search
273,Ananya Agarwal,ananya.agarwal176@rediffmail.com,Guwahati,Assam,2024-06-06,Email/SMS
274,Karan Agarwal,karan.agarwal84@gmail.com,Delhi,Delhi,2024-01-30,Organic Search
275,Meera Rao,meera.rao427@yahoo.com,Pune,Maharashtra,2025-08-08,Organic Search
276,Rajesh Mehta,rajesh.mehta251@rediffmail.com,Lucknow,Uttar Pradesh,2025-05-09,Meta Ads
277,Divya Gupta,divya.gupta451@gmail.com,Delhi,Delhi,2024-06-10,Organic Search
278,Karan Bansal,karan.bansal883@rediffmail.com,Chennai,Tamil Nadu,2024-11-16,Influencer
279,Neha Chauhan,neha.chauhan528@gmail.com,Chennai,Tamil Nadu,2025-01-14,Meta Ads
280,Divya Patel,divya.patel254@gmail.com,Jaipur,Rajasthan,2025-04-05,Google Ads
281,Pooja Bansal,pooja.bansal986@yahoo.com,KOCHI,Kerala,2024-09-11,Referral
282,Meera Kapoor,meera.kapoor511@outlook.com,Pune,Maharashtra,2024-06-12,Organic Search
283,Ira Desai,ira.desai968@gmail.com,Mumbai,Maharashtra,2024-04-02,Organic Search
284,Myra Nair,myra.nair50@gmail.com,Guwahati,Assam,2024-12-27,Organic Search
285,Aman Mehta,aman.mehta868@gmail.com,COIMBATORE,Tamil Nadu,2024-01-09,Google Ads
286,Anika Joshi,anika.joshi47@gmail.com,Chandigarh,Chandigarh,2025-01-09,Organic Search
287,Saanvi Joshi,saanvi.joshi76@gmail.com,Coimbatore,Tamil Nadu,2024-10-22,Organic Search
288,Suresh Rao,suresh.rao626@gmail.com,VISAKHAPATNAM,Andhra Pradesh,2025-11-27,Influencer
289,Amit Joshi,amit.joshi962@gmail.com,Surat,Gujarat,2025-07-25,Google Ads
290,Yash Pillai,yash.pillai42@gmail.com,Chandigarh,Chandigarh,2025-05-27,Google Ads
291,Karan Desai,karan.desai153@rediffmail.com,Patna,Bihar,2025-04-12,Google Ads
292,Om Kapoor,om.kapoor632@outlook.com,Kolkata,West Bengal,2025-02-06,Organic Search
293,Simran Pillai,simran.pillai726@gmail.com,Coimbatore,Tamil Nadu,2025-05-16,Organic Search
294,Vivaan Joshi,vivaan.joshi113@rediffmail.com,Surat,Gujarat,2025-11-20,Meta Ads
295,Vivaan Bansal,vivaan.bansal991@rediffmail.com,Bhopal,Madhya Pradesh,2024-09-28,Organic Search
296,Vihaan Agarwal,vihaan.agarwal537@rediffmail.com,Bhopal,Madhya Pradesh,2024-06-23,Referral
297,Pooja Reddy,pooja.reddy587@yahoo.com,Ahmedabad,Gujarat,2024-02-02,Google Ads
298,Vikram Kapoor,vikram.kapoor423@outlook.com,Kochi,Kerala,2024-06-04,Organic Search
299,Om Desai,om.desai532@gmail.com,Delhi,Delhi,2024-05-21,Meta Ads
300,Aman Pillai,aman.pillai980@gmail.com,Chandigarh,Chandigarh,2024-11-17,Email/SMS
301,Karan Bose,karan.bose791@rediffmail.com,Indore,Madhya Pradesh,2025-11-23,Organic Search
302,Anika Bansal,anika.bansal981@gmail.com,Bhopal,Madhya Pradesh,2024-07-15,Organic Search
303,Kiara Mehta,kiara.mehta707@outlook.com,Lucknow,Uttar Pradesh,2024-07-31,Organic Search
304,Suresh Rao,suresh.rao588@outlook.com,Lucknow,Uttar Pradesh,2024-05-04,Email/SMS
305,Amit Joshi,amit.joshi44@gmail.com,Chennai,Tamil Nadu,2024-10-24,Referral
306,Neha Kulkarni,neha.kulkarni220@gmail.com,Jaipur,Rajasthan,2025-05-05,Organic Search
307,Suresh Rao,suresh.rao631@yahoo.com,Chennai,Tamil Nadu,2024-04-21,Meta Ads
308,Tanya Singh,tanya.singh103@gmail.com,Ahmedabad,Gujarat,2024-02-23,Referral
309,Reyansh Reddy,reyansh.reddy952@gmail.com,Mumbai,Maharashtra,2025-07-17,Organic Search
310,Aman Desai,aman.desai329@gmail.com,Pune,Maharashtra,2024-10-21,Google Ads
311,Sai Agarwal,sai.agarwal757@yahoo.com,AHMEDABAD,Gujarat,2025-07-01,Email/SMS
312,Diya Malhotra,diya.malhotra857@gmail.com,Kolkata,West Bengal,2024-02-07,Organic Search
313,Riya Verma,riya.verma582@outlook.com,Mumbai,Maharashtra,2024-11-01,Meta Ads
314,Rajesh Pillai,rajesh.pillai872@gmail.com,Bhopal,Madhya Pradesh,2024-05-17,Meta Ads
315,Ayaan Kapoor,ayaan.kapoor664@gmail.com,Kolkata,West Bengal,2025-04-14,Google Ads
316,Karan Mehta,karan.mehta776@gmail.com,Guwahati,Assam,2025-11-21,Organic Search
317,Amit Malhotra,amit.malhotra89@gmail.com,Patna,Bihar,2024-12-01,Google Ads
318,Krishna Desai,krishna.desai7@gmail.com,Surat,Gujarat,2024-09-11,Meta Ads
319,Navya Kapoor,navya.kapoor741@gmail.com,Lucknow,Uttar Pradesh,2025-08-19,Meta Ads
320,Priya Singh,priya.singh122@gmail.com,Delhi,Delhi,2025-11-14,Google Ads
321,Simran Mehta,simran.mehta939@outlook.com,Hyderabad,Telangana,2025-10-16,Organic Search
322,Kiara Reddy,kiara.reddy466@rediffmail.com,Bhopal,Madhya Pradesh,2024-06-05,Meta Ads
323,Suresh Desai,suresh.desai846@gmail.com,Coimbatore,Tamil Nadu,2025-11-11,Meta Ads
324,Yash Gupta,yash.gupta541@yahoo.com,Patna,Bihar,2025-04-02,Email/SMS
325,Ayaan Verma,ayaan.verma208@gmail.com,Coimbatore,Tamil Nadu,2025-06-01,Google Ads
326,Rohan Pillai,rohan.pillai697@gmail.com,Nagpur,Maharashtra,2024-04-29,Organic Search
327,Sai Pillai,sai.pillai465@gmail.com,Nagpur,Maharashtra,2024-02-26,Meta Ads
328,Meera Verma,meera.verma689@rediffmail.com,Coimbatore,Tamil Nadu,2025-04-18,Google Ads
329,Anika Sharma,anika.sharma75@gmail.com,Pune,Maharashtra,2025-08-15,Meta Ads
330,Arjun Bose,arjun.bose957@gmail.com,Delhi,Delhi,2024-03-11,Meta Ads
331,Diya Reddy,diya.reddy913@gmail.com,Kochi,Kerala,2025-01-18,Email/SMS
332,Pooja Chauhan,pooja.chauhan988@rediffmail.com,Bengaluru,Karnataka,2025-11-30,Google Ads
333,Neha Patel,neha.patel403@gmail.com,Kolkata,West Bengal,2025-07-04,Referral
334,Kiara Sharma,kiara.sharma475@rediffmail.com,Mumbai,Maharashtra,2024-11-01,Organic Search
335,Pooja Singh,pooja.singh355@gmail.com,Ahmedabad,Gujarat,2025-04-16,Google Ads
336,Ayaan Verma,ayaan.verma785@yahoo.com,Kochi,Kerala,2025-09-21,Meta Ads
337,Arjun Patel,arjun.patel458@gmail.com,Visakhapatnam,Andhra Pradesh,2024-02-04,Referral
338,Vihaan Singh,vihaan.singh450@gmail.com,Delhi,Delhi,2025-02-15,Google Ads
339,Vihaan Reddy,vihaan.reddy240@rediffmail.com,PATNA,Bihar,2024-10-23,Organic Search
340,Meera Bansal,meera.bansal310@rediffmail.com,Surat,Gujarat,2024-08-30,Organic Search
341,Rahul Mehta,rahul.mehta571@rediffmail.com,Jaipur,Rajasthan,2024-03-03,Email/SMS
342,Sneha Bose,sneha.bose996@gmail.com,Bhopal,Madhya Pradesh,2024-02-18,Organic Search
343,Pooja Pillai,pooja.pillai419@gmail.com,Surat,Gujarat,2025-03-02,Meta Ads
344,Rajesh Desai,rajesh.desai308@yahoo.com,Ahmedabad,Gujarat,2024-08-18,Referral
345,Vihaan Bose,vihaan.bose571@gmail.com,Kochi,Kerala,2025-03-02,Meta Ads
346,Anika Nair,anika.nair81@outlook.com,Surat,Gujarat,2025-10-24,Google Ads
347,Saanvi Verma,saanvi.verma690@yahoo.com,Jaipur,Rajasthan,2025-01-21,Email/SMS
348,Saanvi Agarwal,saanvi.agarwal491@gmail.com,Coimbatore,Tamil Nadu,2024-08-10,Email/SMS
349,Ira Sharma,ira.sharma986@rediffmail.com,Pune,Maharashtra,2024-07-13,Influencer
350,Aman Singh,aman.singh407@rediffmail.com,Visakhapatnam,Andhra Pradesh,2024-07-28,Meta Ads
351,Riya Chauhan,riya.chauhan665@gmail.com,NAGPUR,Maharashtra,2025-06-30,Meta Ads
352,Simran Desai,simran.desai823@outlook.com,Nagpur,Maharashtra,2024-04-10,Referral
353,Rohan Nair,rohan.nair424@gmail.com,Indore,Madhya Pradesh,2024-11-16,Email/SMS
354,Ishaan Sharma,ishaan.sharma958@gmail.com,Jaipur,Rajasthan,2025-07-20,Referral
355,Riya Reddy,riya.reddy236@gmail.com,Pune,Maharashtra,2024-12-03,Email/SMS
356,Nikhil Bose,nikhil.bose782@rediffmail.com,Surat,Gujarat,2024-09-20,Organic Search
357,Nikhil Kulkarni,nikhil.kulkarni174@gmail.com,Kolkata,West Bengal,2024-12-26,Organic Search
358,Diya Bose,diya.bose35@yahoo.com,DELHI,Delhi,2025-06-20,Influencer
359,Vihaan Sharma,vihaan.sharma863@yahoo.com,Kochi,Kerala,2024-05-20,Referral
360,Aarav Nair,aarav.nair383@gmail.com,PATNA,Bihar,2025-04-11,Organic Search
361,Om Desai,om.desai7@gmail.com,Bhopal,Madhya Pradesh,2024-01-17,Meta Ads
362,Vivaan Pillai,vivaan.pillai294@gmail.com,Jaipur,Rajasthan,2025-07-02,Referral
363,Sneha Iyer,sneha.iyer537@gmail.com,Hyderabad,Telangana,2024-04-08,Google Ads
364,Tanya Rao,tanya.rao815@gmail.com,Indore,Madhya Pradesh,2024-09-30,Meta Ads
365,Amit Kulkarni,amit.kulkarni714@gmail.com,Guwahati,Assam,2024-09-06,Organic Search
366,Sai Verma,sai.verma389@gmail.com,Bengaluru,Karnataka,2025-02-19,Organic Search
367,Aarav Iyer,aarav.iyer866@gmail.com,Bengaluru,Karnataka,2025-05-26,Referral
368,Meera Patel,meera.patel236@gmail.com,Patna,Bihar,2024-02-13,Email/SMS
369,Meera Desai,meera.desai947@gmail.com,Jaipur,Rajasthan,2024-02-17,Influencer
370,Rajesh Agarwal,rajesh.agarwal952@yahoo.com,Delhi,Delhi,2024-07-02,Influencer
371,Kavya Reddy,kavya.reddy307@gmail.com,,Chandigarh,2024-03-19,Meta Ads
372,Pooja Bose,pooja.bose774@rediffmail.com,Surat,Gujarat,2025-01-28,Referral
373,Simran Joshi,simran.joshi448@gmail.com,Delhi,Delhi,2024-04-10,Google Ads
374,Yash Bansal,yash.bansal993@yahoo.com,Visakhapatnam,Andhra Pradesh,2025-02-10,Organic Search
375,Vikram Desai,vikram.desai567@outlook.com,Ahmedabad,Gujarat,2024-12-30,Google Ads
376,Kavya Chauhan,kavya.chauhan303@rediffmail.com,Bengaluru,Karnataka,2025-09-25,Google Ads
377,Navya Reddy,navya.reddy158@outlook.com,Chandigarh,Chandigarh,2025-10-11,Meta Ads
378,Sai Sharma,sai.sharma369@yahoo.com,Lucknow,Uttar Pradesh,2025-03-31,Google Ads
379,Diya Malhotra,diya.malhotra569@gmail.com,NAGPUR,Maharashtra,2025-07-24,Google Ads
380,Sai Joshi,sai.joshi612@gmail.com,Coimbatore,Tamil Nadu,2024-04-05,Meta Ads
381,Pooja Sharma,pooja.sharma398@rediffmail.com,Lucknow,Uttar Pradesh,2025-02-27,Email/SMS
382,Myra Agarwal,myra.agarwal702@gmail.com,Patna,Bihar,2024-06-22,Google Ads
383,Ira Rao,ira.rao65@gmail.com,Bhopal,Madhya Pradesh,2024-05-29,Meta Ads
384,Ira Desai,ira.desai258@rediffmail.com,Bengaluru,Karnataka,2025-01-04,Organic Search
385,Yash Bansal,yash.bansal110@gmail.com,Pune,Maharashtra,2025-04-13,Google Ads
386,Amit Kapoor,amit.kapoor824@outlook.com,Visakhapatnam,Andhra Pradesh,2025-01-24,Meta Ads
387,Yash Reddy,yash.reddy618@yahoo.com,Lucknow,Uttar Pradesh,2024-11-24,Organic Search
388,Diya Chauhan,diya.chauhan753@outlook.com,SURAT,Gujarat,2024-10-25,Influencer
389,Myra Kapoor,myra.kapoor837@outlook.com,Chandigarh,Chandigarh,2024-10-14,Google Ads
390,Meera Nair,meera.nair185@rediffmail.com,Guwahati,Assam,2025-07-12,Google Ads
391,Divya Nair,divya.nair852@outlook.com,Nagpur,Maharashtra,2024-10-25,Organic Search
392,Krishna Mehta,krishna.mehta675@gmail.com,Ahmedabad,Gujarat,2024-09-15,Organic Search
393,Pooja Gupta,pooja.gupta491@gmail.com,Nagpur,Maharashtra,2025-09-04,Organic Search
394,Rahul Bose,rahul.bose719@rediffmail.com,,Delhi,2025-01-03,Organic Search
395,Sai Patel,sai.patel681@gmail.com,Ahmedabad,Gujarat,2025-11-04,Organic Search
396,Aditya Agarwal,aditya.agarwal989@yahoo.com,Chandigarh,Chandigarh,2024-12-05,Google Ads
397,Anika Singh,anika.singh572@gmail.com,Patna,Bihar,2025-06-15,Organic Search
398,Vikram Joshi,vikram.joshi791@rediffmail.com,Chandigarh,Chandigarh,2025-04-19,Organic Search
399,Neha Sharma,neha.sharma303@gmail.com,Bhopal,Madhya Pradesh,2024-04-17,Influencer
400,Ayaan Reddy,ayaan.reddy352@gmail.com,Indore,Madhya Pradesh,2024-11-15,Google Ads
401,Aman Joshi,aman.joshi449@outlook.com,BHOPAL,Madhya Pradesh,2024-04-09,Meta Ads
402,Ira Verma,ira.verma870@gmail.com,HYDERABAD,Telangana,2024-01-24,Google Ads
403,Ananya Singh,ananya.singh566@gmail.com,Patna,Bihar,2024-06-27,Organic Search
404,Divya Singh,divya.singh189@gmail.com,Chandigarh,Chandigarh,2025-10-06,Organic Search
405,Amit Sharma,amit.sharma461@gmail.com,Visakhapatnam,Andhra Pradesh,2024-07-21,Meta Ads
406,Aadhya Nair,aadhya.nair592@gmail.com,Jaipur,Rajasthan,2024-03-05,Email/SMS
407,Diya Joshi,diya.joshi469@gmail.com,Surat,Gujarat,2024-07-20,Organic Search
408,Nikhil Pillai,nikhil.pillai398@rediffmail.com,Surat,Gujarat,2025-09-03,Google Ads
409,Neha Kulkarni,neha.kulkarni834@outlook.com,Visakhapatnam,Andhra Pradesh,2024-06-25,Email/SMS
410,Kavya Gupta,kavya.gupta121@gmail.com,Chennai,Tamil Nadu,2024-11-16,Google Ads
411,Priya Reddy,priya.reddy429@gmail.com,Patna,Bihar,2025-02-01,Organic Search
412,Sneha Iyer,sneha.iyer551@rediffmail.com,Bhopal,Madhya Pradesh,2025-10-12,Influencer
413,Diya Bose,diya.bose296@gmail.com,,West Bengal,2025-05-16,Meta Ads
414,Vikram Bansal,vikram.bansal975@gmail.com,Delhi,Delhi,2025-01-02,Google Ads
415,Pooja Bose,pooja.bose507@gmail.com,,Bihar,2025-10-30,Organic Search
416,Vikram Desai,vikram.desai579@gmail.com,Kolkata,West Bengal,2024-03-25,Referral
417,Riya Verma,riya.verma551@gmail.com,Jaipur,Rajasthan,2024-08-18,Referral
418,Meera Desai,meera.desai116@gmail.com,Coimbatore,Tamil Nadu,2025-06-07,Meta Ads
419,Rajesh Joshi,rajesh.joshi779@rediffmail.com,Coimbatore,Tamil Nadu,2024-02-12,Google Ads
420,Sneha Patel,sneha.patel896@outlook.com,Ahmedabad,Gujarat,2024-10-31,Meta Ads
421,Sai Kulkarni,sai.kulkarni215@rediffmail.com,Hyderabad,Telangana,2024-08-30,Organic Search
422,Om Malhotra,om.malhotra143@yahoo.com,Kolkata,West Bengal,2025-09-22,Referral
423,Meera Joshi,meera.joshi612@gmail.com,Coimbatore,Tamil Nadu,2024-10-14,Meta Ads
424,Riya Mehta,riya.mehta976@rediffmail.com,Guwahati,Assam,2024-09-30,Referral
425,Krishna Malhotra,krishna.malhotra888@rediffmail.com,Delhi,Delhi,2024-10-10,Email/SMS
426,Myra Reddy,myra.reddy780@outlook.com,Surat,Gujarat,2024-09-10,Organic Search
427,Meera Rao,meera.rao463@gmail.com,Kochi,Kerala,2025-01-19,Referral
428,Sai Chauhan,sai.chauhan712@outlook.com,Patna,Bihar,2024-10-11,Organic Search
429,Nikhil Kapoor,nikhil.kapoor890@rediffmail.com,Guwahati,Assam,2024-01-03,Google Ads
430,Divya Joshi,divya.joshi408@gmail.com,Bengaluru,Karnataka,2025-07-01,Organic Search
431,Aadhya Desai,aadhya.desai849@gmail.com,JAIPUR,Rajasthan,2024-11-26,Organic Search
432,Krishna Agarwal,krishna.agarwal916@yahoo.com,Bhopal,Madhya Pradesh,2024-12-17,Google Ads
433,Divya Sharma,divya.sharma452@gmail.com,Hyderabad,Telangana,2024-06-10,Influencer
434,Sneha Nair,sneha.nair310@gmail.com,Chennai,Tamil Nadu,2025-10-27,Influencer
435,Navya Gupta,navya.gupta85@gmail.com,Indore,Madhya Pradesh,2024-09-13,Email/SMS
436,Ananya Verma,ananya.verma313@yahoo.com,Chandigarh,Chandigarh,2025-10-02,Organic Search
437,Sai Patel,sai.patel489@gmail.com,,Maharashtra,2024-08-06,Organic Search
438,Tanya Kulkarni,tanya.kulkarni713@gmail.com,Mumbai,Maharashtra,2024-01-09,Google Ads
439,Sneha Reddy,sneha.reddy235@gmail.com,Bhopal,Madhya Pradesh,2024-03-13,Referral
440,Reyansh Patel,reyansh.patel903@gmail.com,Surat,Gujarat,2025-01-11,Meta Ads
441,Krishna Reddy,krishna.reddy577@gmail.com,Bengaluru,Karnataka,2025-06-27,Organic Search
442,Vikram Joshi,vikram.joshi767@gmail.com,Pune,Maharashtra,2025-10-05,Meta Ads
443,Vikram Nair,vikram.nair144@rediffmail.com,Bengaluru,Karnataka,2024-04-12,Referral
444,Neha Malhotra,neha.malhotra254@gmail.com,SURAT,Gujarat,2024-05-23,Google Ads
445,Suresh Bansal,suresh.bansal292@rediffmail.com,Visakhapatnam,Andhra Pradesh,2025-09-14,Google Ads
446,Ira Nair,ira.nair522@gmail.com,Patna,Bihar,2025-09-13,Meta Ads
447,Vihaan Singh,vihaan.singh116@gmail.com,Bhopal,Madhya Pradesh,2025-01-30,Organic Search
448,Arjun Pillai,arjun.pillai957@gmail.com,Mumbai,Maharashtra,2025-01-04,Meta Ads
449,Meera Malhotra,meera.malhotra700@gmail.com,Indore,Madhya Pradesh,2025-07-13,Organic Search
450,Arjun Sharma,arjun.sharma15@gmail.com,Guwahati,Assam,2024-03-10,Google Ads
451,Vihaan Chauhan,vihaan.chauhan644@outlook.com,Patna,Bihar,2024-10-20,Organic Search
452,Amit Gupta,amit.gupta631@gmail.com,Coimbatore,Tamil Nadu,2025-07-04,Google Ads
453,Sai Pillai,sai.pillai550@gmail.com,Pune,Maharashtra,2024-06-08,Organic Search
454,Arjun Mehta,arjun.mehta60@gmail.com,Kochi,Kerala,2024-09-01,Influencer
455,Ayaan Kulkarni,ayaan.kulkarni57@gmail.com,Visakhapatnam,Andhra Pradesh,2025-09-15,Referral
456,Diya Patel,diya.patel719@gmail.com,Mumbai,Maharashtra,2024-05-20,Organic Search
457,Neha Pillai,neha.pillai171@gmail.com,Patna,Bihar,2024-09-22,Referral
458,Navya Patel,navya.patel827@gmail.com,Mumbai,Maharashtra,2024-12-09,Organic Search
459,Anika Agarwal,anika.agarwal467@gmail.com,Bengaluru,Karnataka,2025-05-23,Google Ads
460,Meera Iyer,meera.iyer262@rediffmail.com,Indore,Madhya Pradesh,2024-06-10,Organic Search
461,Ayaan Singh,ayaan.singh46@yahoo.com,Patna,Bihar,2024-01-03,Meta Ads
462,Aman Joshi,aman.joshi184@yahoo.com,Chandigarh,Chandigarh,2024-06-02,Organic Search
463,Rahul Singh,rahul.singh427@outlook.com,Surat,Gujarat,2024-09-11,Meta Ads
464,Arjun Agarwal,arjun.agarwal515@yahoo.com,Indore,Madhya Pradesh,2024-05-02,Google Ads
465,Tanya Verma,tanya.verma899@gmail.com,Chandigarh,Chandigarh,2024-03-11,Meta Ads
466,Ira Kapoor,ira.kapoor468@gmail.com,Bengaluru,Karnataka,2025-07-20,Google Ads
467,Meera Mehta,meera.mehta476@gmail.com,Visakhapatnam,Andhra Pradesh,2024-09-05,Influencer
468,Saanvi Bose,saanvi.bose7@yahoo.com,Ahmedabad,Gujarat,2024-06-03,Meta Ads
469,Neha Sharma,neha.sharma778@rediffmail.com,,Gujarat,2024-01-02,Referral
470,Reyansh Nair,reyansh.nair430@gmail.com,,Bihar,2024-08-31,Google Ads
471,Ishaan Rao,ishaan.rao944@gmail.com,,Karnataka,2024-02-14,Email/SMS
472,Rahul Joshi,rahul.joshi595@gmail.com,Nagpur,Maharashtra,2024-03-27,Google Ads
473,Amit Gupta,amit.gupta64@gmail.com,Guwahati,Assam,2025-08-04,Influencer
474,Myra Mehta,myra.mehta949@rediffmail.com,Jaipur,Rajasthan,2024-11-18,Email/SMS
475,Rohan Kapoor,rohan.kapoor240@gmail.com,Nagpur,Maharashtra,2024-10-05,Google Ads
476,Kavya Patel,kavya.patel169@gmail.com,Chennai,Tamil Nadu,2024-04-18,Meta Ads
477,Ayaan Bose,ayaan.bose463@gmail.com,Indore,Madhya Pradesh,2024-07-31,Meta Ads
478,Ayaan Gupta,ayaan.gupta847@rediffmail.com,Kolkata,West Bengal,2024-11-07,Google Ads
479,Rohan Reddy,rohan.reddy992@gmail.com,Bengaluru,Karnataka,2024-09-11,Organic Search
480,Ira Rao,ira.rao975@gmail.com,Kolkata,West Bengal,2024-02-01,Organic Search
481,Suresh Singh,suresh.singh105@yahoo.com,Hyderabad,Telangana,2025-04-18,Google Ads
482,Vihaan Singh,vihaan.singh844@gmail.com,Chennai,Tamil Nadu,2024-07-21,Organic Search
483,Sai Agarwal,sai.agarwal940@yahoo.com,Guwahati,Assam,2024-09-22,Influencer
484,Saanvi Kulkarni,saanvi.kulkarni927@outlook.com,Chennai,Tamil Nadu,2024-04-04,Google Ads
485,Divya Verma,divya.verma444@outlook.com,Kolkata,West Bengal,2025-08-10,Organic Search
486,Pooja Malhotra,pooja.malhotra220@outlook.com,Kolkata,West Bengal,2024-12-28,Meta Ads
487,Ishaan Verma,ishaan.verma632@gmail.com,,Andhra Pradesh,2025-09-26,Meta Ads
488,Rahul Bose,rahul.bose90@gmail.com,BHOPAL,Madhya Pradesh,2024-03-03,Google Ads
489,Saanvi Pillai,saanvi.pillai822@gmail.com,Ahmedabad,Gujarat,2025-10-07,Google Ads
490,Pooja Joshi,pooja.joshi801@gmail.com,Bhopal,Madhya Pradesh,2025-07-11,Email/SMS
491,Simran Kapoor,simran.kapoor185@gmail.com,Chandigarh,Chandigarh,2024-10-03,Organic Search
492,Vivaan Rao,vivaan.rao543@gmail.com,Delhi,Delhi,2025-04-28,Organic Search
493,Kiara Iyer,kiara.iyer673@gmail.com,Hyderabad,Telangana,2024-09-10,Organic Search
494,Vihaan Singh,vihaan.singh364@yahoo.com,Guwahati,Assam,2025-02-01,Google Ads
495,Kavya Kapoor,kavya.kapoor29@outlook.com,Indore,Madhya Pradesh,2025-08-28,Influencer
496,Meera Reddy,meera.reddy857@outlook.com,Guwahati,Assam,2024-07-11,Organic Search
497,Diya Desai,diya.desai58@gmail.com,Delhi,Delhi,2024-04-02,Google Ads
498,Tanya Desai,tanya.desai940@yahoo.com,Mumbai,Maharashtra,2024-12-05,Meta Ads
499,Diya Kapoor,diya.kapoor152@gmail.com,Delhi,Delhi,2024-01-23,Email/SMS
500,Ayaan Pillai,ayaan.pillai383@rediffmail.com,Indore,Madhya Pradesh,2024-03-15,Meta Ads
501,Reyansh Kapoor,reyansh.kapoor140@rediffmail.com,Lucknow,Uttar Pradesh,2024-11-26,Influencer
502,Nikhil Kapoor,nikhil.kapoor711@rediffmail.com,Kolkata,West Bengal,2025-07-29,Referral
503,Kiara Agarwal,kiara.agarwal315@outlook.com,Kolkata,West Bengal,2025-01-22,Google Ads
504,Aarav Agarwal,aarav.agarwal34@gmail.com,,Chandigarh,2025-08-04,Meta Ads
505,Om Singh,om.singh960@gmail.com,Guwahati,Assam,2024-04-16,Meta Ads
506,Arjun Singh,arjun.singh172@yahoo.com,Indore,Madhya Pradesh,2024-11-23,Email/SMS
507,Karan Kulkarni,karan.kulkarni215@gmail.com,Mumbai,Maharashtra,2024-09-28,Google Ads
508,Anika Patel,anika.patel396@gmail.com,Mumbai,Maharashtra,2024-02-19,Meta Ads
509,Ananya Malhotra,ananya.malhotra360@gmail.com,Bhopal,Madhya Pradesh,2025-01-22,Google Ads
510,Aman Agarwal,aman.agarwal463@gmail.com,Ahmedabad,Gujarat,2024-06-15,Email/SMS
511,Riya Sharma,riya.sharma975@gmail.com,Surat,Gujarat,2024-09-24,Meta Ads
512,Pooja Iyer,pooja.iyer965@yahoo.com,Bengaluru,Karnataka,2025-07-14,Meta Ads
513,Om Desai,om.desai966@rediffmail.com,MUMBAI,Maharashtra,2025-03-17,Email/SMS
514,Ananya Verma,ananya.verma211@outlook.com,Hyderabad,Telangana,2024-12-05,Organic Search
515,Rajesh Rao,rajesh.rao244@gmail.com,Lucknow,Uttar Pradesh,2024-10-31,Meta Ads
516,Suresh Desai,suresh.desai370@gmail.com,Chennai,Tamil Nadu,2024-02-25,Google Ads
517,Yash Desai,yash.desai27@gmail.com,Pune,Maharashtra,2024-04-09,Organic Search
518,Sai Desai,sai.desai804@gmail.com,Hyderabad,Telangana,2024-11-11,Organic Search
519,Anika Gupta,anika.gupta190@gmail.com,Coimbatore,Tamil Nadu,2025-01-31,Meta Ads
520,Diya Kulkarni,diya.kulkarni451@gmail.com,Delhi,Delhi,2024-09-26,Meta Ads
521,Navya Agarwal,navya.agarwal771@yahoo.com,Delhi,Delhi,2024-06-03,Google Ads
522,Neha Bose,neha.bose233@gmail.com,Kochi,Kerala,2025-08-26,Email/SMS
523,Tanya Malhotra,tanya.malhotra587@outlook.com,Coimbatore,Tamil Nadu,2025-05-01,Meta Ads
524,Amit Verma,amit.verma923@gmail.com,PATNA,Bihar,2025-08-07,Organic Search
525,Om Reddy,om.reddy178@yahoo.com,Hyderabad,Telangana,2025-04-04,Influencer
526,Saanvi Reddy,saanvi.reddy81@outlook.com,Delhi,Delhi,2025-03-09,Google Ads
527,Ishaan Bansal,ishaan.bansal933@yahoo.com,Jaipur,Rajasthan,2024-11-23,Google Ads
528,Suresh Chauhan,suresh.chauhan878@gmail.com,Coimbatore,Tamil Nadu,2024-11-29,Organic Search
529,Aarav Bansal,aarav.bansal801@gmail.com,Guwahati,Assam,2025-06-19,Meta Ads
530,Ishaan Agarwal,ishaan.agarwal777@yahoo.com,Guwahati,Assam,2025-08-19,Influencer
531,Meera Patel,meera.patel902@gmail.com,Lucknow,Uttar Pradesh,2025-07-02,Meta Ads
532,Pooja Desai,pooja.desai485@gmail.com,Guwahati,Assam,2025-09-15,Meta Ads
533,Ishaan Bansal,ishaan.bansal711@gmail.com,Visakhapatnam,Andhra Pradesh,2025-11-28,Meta Ads
534,Karan Singh,karan.singh943@gmail.com,Delhi,Delhi,2025-05-01,Meta Ads
535,Karan Mehta,karan.mehta864@gmail.com,Lucknow,Uttar Pradesh,2024-10-14,Organic Search
536,Reyansh Singh,reyansh.singh998@outlook.com,Chennai,Tamil Nadu,2024-11-03,Meta Ads
537,Rahul Bansal,rahul.bansal453@gmail.com,BENGALURU,Karnataka,2024-07-11,Email/SMS
538,Nikhil Pillai,nikhil.pillai528@yahoo.com,INDORE,Madhya Pradesh,2024-02-27,Meta Ads
539,Simran Chauhan,simran.chauhan901@gmail.com,Chennai,Tamil Nadu,2025-06-20,Google Ads
540,Saanvi Verma,saanvi.verma468@gmail.com,Ahmedabad,Gujarat,2024-02-03,Meta Ads
541,Saanvi Rao,saanvi.rao518@gmail.com,Indore,Madhya Pradesh,2025-04-20,Influencer
542,Vivaan Singh,vivaan.singh609@gmail.com,Indore,Madhya Pradesh,2025-05-15,Influencer
543,Aman Agarwal,aman.agarwal353@gmail.com,Coimbatore,Tamil Nadu,2024-12-24,Email/SMS
544,Sai Mehta,sai.mehta51@gmail.com,Mumbai,Maharashtra,2025-01-30,Organic Search
545,Aadhya Singh,aadhya.singh212@gmail.com,Ahmedabad,Gujarat,2025-11-24,Meta Ads
546,Vivaan Sharma,vivaan.sharma663@gmail.com,Bhopal,Madhya Pradesh,2024-05-15,Referral
547,Kiara Rao,kiara.rao730@rediffmail.com,Visakhapatnam,Andhra Pradesh,2024-11-08,Meta Ads
548,Pooja Joshi,pooja.joshi224@gmail.com,Nagpur,Maharashtra,2024-09-15,Organic Search
549,Om Chauhan,om.chauhan8@gmail.com,Guwahati,Assam,2024-04-14,Organic Search
550,Priya Bose,priya.bose290@gmail.com,Visakhapatnam,Andhra Pradesh,2025-09-15,Google Ads
551,Arjun Kapoor,arjun.kapoor333@outlook.com,Jaipur,Rajasthan,2025-10-17,Organic Search
552,Ira Nair,ira.nair784@gmail.com,,Tamil Nadu,2025-06-13,Google Ads
553,Yash Chauhan,yash.chauhan144@rediffmail.com,Surat,Gujarat,2025-11-28,Organic Search
554,Riya Rao,riya.rao398@rediffmail.com,Kochi,Kerala,2025-02-18,Referral
555,Meera Nair,meera.nair703@gmail.com,Surat,Gujarat,2024-08-15,Referral
556,Neha Pillai,neha.pillai861@rediffmail.com,Lucknow,Uttar Pradesh,2024-06-23,Google Ads
557,Reyansh Desai,reyansh.desai743@yahoo.com,Chennai,Tamil Nadu,2024-09-21,Influencer
558,Karan Gupta,karan.gupta229@outlook.com,Ahmedabad,Gujarat,2024-12-29,Organic Search
559,Karan Joshi,karan.joshi302@gmail.com,Jaipur,Rajasthan,2025-08-22,Google Ads
560,Vihaan Agarwal,vihaan.agarwal73@gmail.com,Guwahati,Assam,2025-09-27,Google Ads
561,Ayaan Chauhan,ayaan.chauhan424@gmail.com,Patna,Bihar,2024-11-01,Email/SMS
562,Krishna Nair,krishna.nair584@outlook.com,Surat,Gujarat,2025-02-23,Google Ads
563,Diya Gupta,diya.gupta647@outlook.com,Bhopal,Madhya Pradesh,2024-12-06,Organic Search
564,Aarav Kulkarni,aarav.kulkarni780@rediffmail.com,Jaipur,Rajasthan,2024-08-02,Referral
565,Nikhil Gupta,nikhil.gupta445@outlook.com,Chennai,Tamil Nadu,2025-09-21,Organic Search
566,Aman Chauhan,aman.chauhan547@gmail.com,Mumbai,Maharashtra,2024-02-08,Meta Ads
567,Aarav Kapoor,aarav.kapoor19@rediffmail.com,Patna,Bihar,2024-07-14,Referral
568,Kiara Joshi,kiara.joshi106@gmail.com,Lucknow,Uttar Pradesh,2024-05-12,Organic Search
569,Ananya Gupta,ananya.gupta972@gmail.com,Delhi,Delhi,2024-11-01,Referral
570,Yash Pillai,yash.pillai910@yahoo.com,Surat,Gujarat,2025-03-20,Meta Ads
571,Nikhil Joshi,nikhil.joshi971@outlook.com,Pune,Maharashtra,2024-06-17,Google Ads
572,Kiara Reddy,kiara.reddy604@gmail.com,Pune,Maharashtra,2024-01-23,Google Ads
573,Aditya Chauhan,aditya.chauhan639@gmail.com,Jaipur,Rajasthan,2025-07-01,Influencer
574,Reyansh Sharma,reyansh.sharma427@gmail.com,Delhi,Delhi,2024-04-28,Google Ads
575,Anika Desai,anika.desai712@yahoo.com,Chennai,Tamil Nadu,2024-07-29,Meta Ads
576,Reyansh Pillai,reyansh.pillai621@outlook.com,Jaipur,Rajasthan,2025-09-29,Email/SMS
577,Reyansh Pillai,reyansh.pillai290@gmail.com,Visakhapatnam,Andhra Pradesh,2024-04-30,Google Ads
578,Saanvi Bansal,saanvi.bansal852@gmail.com,Pune,Maharashtra,2024-09-26,Google Ads
579,Rahul Mehta,rahul.mehta562@gmail.com,Kolkata,West Bengal,2024-02-10,Google Ads
580,Aman Kapoor,aman.kapoor14@yahoo.com,Ahmedabad,Gujarat,2024-01-03,Email/SMS
581,Nikhil Reddy,nikhil.reddy77@yahoo.com,Bengaluru,Karnataka,2025-06-07,Email/SMS
582,Kiara Kulkarni,kiara.kulkarni476@gmail.com,Lucknow,Uttar Pradesh,2024-09-27,Referral
583,Aditya Mehta,aditya.mehta321@gmail.com,Indore,Madhya Pradesh,2025-11-24,Google Ads
584,Aditya Sharma,aditya.sharma663@gmail.com,Chennai,Tamil Nadu,2025-11-10,Meta Ads
585,Vikram Bansal,vikram.bansal382@yahoo.com,Jaipur,Rajasthan,2024-04-05,Google Ads
586,Amit Kulkarni,amit.kulkarni707@outlook.com,Jaipur,Rajasthan,2025-01-29,Organic Search
587,Ananya Patel,ananya.patel966@yahoo.com,CHENNAI,Tamil Nadu,2024-03-01,Meta Ads
588,Kavya Desai,kavya.desai449@gmail.com,Guwahati,Assam,2025-11-25,Meta Ads
589,Neha Bansal,neha.bansal902@yahoo.com,Mumbai,Maharashtra,2025-12-01,Organic Search
590,Nikhil Patel,nikhil.patel48@gmail.com,Kochi,Kerala,2025-03-27,Organic Search
591,Aarav Pillai,aarav.pillai230@rediffmail.com,Guwahati,Assam,2025-08-01,Email/SMS
592,Tanya Pillai,tanya.pillai444@yahoo.com,Visakhapatnam,Andhra Pradesh,2024-04-07,Organic Search
593,Pooja Reddy,pooja.reddy56@gmail.com,,Tamil Nadu,2025-09-19,Influencer
594,Simran Desai,simran.desai77@outlook.com,Bhopal,Madhya Pradesh,2024-06-18,Meta Ads
595,Navya Verma,navya.verma564@outlook.com,Patna,Bihar,2024-08-16,Referral
596,Sai Kulkarni,sai.kulkarni459@gmail.com,Nagpur,Maharashtra,2025-08-09,Organic Search
597,Rohan Patel,rohan.patel19@gmail.com,Bhopal,Madhya Pradesh,2025-10-31,Meta Ads
598,Suresh Bose,suresh.bose811@rediffmail.com,Mumbai,Maharashtra,2024-04-03,Organic Search
599,Simran Bose,simran.bose688@gmail.com,Pune,Maharashtra,2025-11-01,Meta Ads
600,Vihaan Singh,vihaan.singh574@rediffmail.com,Nagpur,Maharashtra,2024-12-05,Organic Search
447,Vihaan Singh,vihaan.singh116@gmail.com,Bhopal,Madhya Pradesh,2025-01-30,Organic Search
405,Amit Sharma,amit.sharma461@gmail.com,Visakhapatnam,Andhra Pradesh,2024-07-21,Meta Ads
510,Aman Agarwal,aman.agarwal463@gmail.com,Ahmedabad,Gujarat,2024-06-15,Email/SMS
456,Diya Patel,diya.patel719@gmail.com,Mumbai,Maharashtra,2024-05-20,Organic Search
202,Rajesh Singh,rajesh.singh854@outlook.com,Patna,Bihar,2025-07-26,Google Ads
24,Nikhil Gupta,nikhil.gupta132@rediffmail.com,Coimbatore,Tamil Nadu,2024-05-08,Google Ads
416,Vikram Desai,vikram.desai579@gmail.com,Kolkata,West Bengal,2024-03-25,Referral
549,Om Chauhan,om.chauhan8@gmail.com,Guwahati,Assam,2024-04-14,Organic Search
67,Diya Bansal,diya.bansal416@gmail.com,Guwahati,Assam,2024-11-04,Google Ads
166,Rahul Patel,rahul.patel969@gmail.com,Chennai,Tamil Nadu,2024-02-16,Influencer
335,Pooja Singh,pooja.singh355@gmail.com,Ahmedabad,Gujarat,2025-04-16,Google Ads
330,Arjun Bose,arjun.bose957@gmail.com,Delhi,Delhi,2024-03-11,Meta Ads
1,Ayaan Sharma,ayaan.sharma229@gmail.com,Jaipur,Rajasthan,2024-09-07,Google Ads
532,Pooja Desai,pooja.desai485@gmail.com,,Assam,2025-09-15,Meta Ads
233,Simran Reddy,simran.reddy970@outlook.com,KOCHI,Kerala,2024-04-03,Email/SMS
